"site","grade","topography","ecosite","distance_to_trail","camera_direction","elevation","array","long","lat","easting_12n","northing_12n","start_date","end_date"
"LU02_03",0,"Flat","Lowland",2.5,"NW",725,"LU02",-111.48897,54.87192,468621.878049545,6080648.46507882,"2021-07-15","2022-02-06"
"LU02_05",0,"Flat","Lowland",1,"NE",652,"LU02",-111.40779,54.87287,473831.933659275,6080720.83383685,"2021-07-12","2022-02-06"
"LU02_100",0,"Flat","Unknown",4,"SE",568,"LU02",-111.76688,54.99404,450937.040858318,6094397.14875395,"2021-07-15","2022-02-05"
"LU02_101",0,"Flat","Unknown",3,"SE",650,"LU02",-111.41208,54.86738,473553.050579569,6080111.5415186,"2021-07-12","2022-02-06"
"LU02_106",0,"Flat","Unknown",1,"SE",600,"LU02",-111.78943,54.88816,449361.496131577,6082631.47227262,"2021-07-12","2022-02-05"
"LU02_110",0,"Flat","Unknown",5,"N",720,"LU02",-111.47919,54.91792,469284.497491576,6085762.81280151,"2021-07-13","2022-09-10"
"LU02_119",0,"Flat","Unknown",4,"SE",583,"LU02",-111.78169,54.98888,449983.139372368,6093833.45656219,"2021-07-15","2022-09-10"
"LU02_123",5,"Slope","Unknown",4,"S",653,"LU02",-111.66826,55.00679,457259.939187754,6095751.19676947,"2021-07-15","2022-02-05"
"LU02_13",0,"Flat","Lowland",2,"N",684,"LU02",-111.40125,54.89791,474267.568152048,6083504.76069524,"2021-07-12","2022-02-06"
"LU02_137",0,"Flat","Unknown",5,"W",630,"LU02",-111.59875,54.94295,461644.75326033,6088607.03740912,"2021-07-14","2022-09-09"
"LU02_143",0,"Flat","Unknown",5,"N",750,"LU02",-111.43214,54.93758,472313.829953229,6087930.88311425,"2021-07-13","2022-09-09"
"LU02_15",2,"Slope","Lowland",1,"SW",720,"LU02",-111.38586,54.90787,475260.640986584,6084607.52679997,"2021-07-12","2022-02-06"
"LU02_153",3,"Slope","Unknown",3,"NW",659,"LU02",-111.49073,54.98868,468600.016168666,6093641.87949887,"2021-07-13","2022-09-10"
"LU02_155",0,"Flat","Unknown",4,"N",771,"LU02",-111.40751,54.97483,473915.942724783,6092066.49596201,"2021-07-14","2022-09-09"
"LU02_17",0,"Flat","Lowland",3,"N",649,"LU02",-111.50987,54.92504,467323.733468968,6086568.98862813,"2021-07-14","2022-09-09"
"LU02_18",0,"Flat","Lowland",4,"SW",735,"LU02",-111.45886,54.92097,470589.840754247,6086093.47592249,"2021-07-13","2022-09-10"
"LU02_20",0,"Flat","Lowland",3,"SE",630,"LU02",-111.63136,54.95559,459568.510191015,6090031.91982705,"2021-07-15","2022-09-09"
"LU02_21",0,"Flat","Lowland",4,"NE",630,"LU02",-111.62397,54.94711,460033.336777685,6089084.05594862,"2021-07-15","2022-09-09"
"LU02_24",0,"Flat","Lowland",3,"N",599,"LU02",-111.78605,54.97593,449687.976599659,6092395.57008343,"2021-07-12","2022-09-10"
"LU02_25",0,"Flat","Lowland",2,"NW",634,"LU02",-111.63915,54.97028,459084.586513232,6091671.092143,"2021-07-13","2022-09-09"
"LU02_26",0,"Flat","Lowland",2,"N",782,"LU02",-111.41759,54.96789,473266.132958704,6091298.03474643,"2021-07-13","2022-09-09"
"LU02_27",0,"Flat","Lowland",2,"NW",666,"LU02",-111.65134,55.00145,458336.545495791,6095146.77038034,"2021-07-14","2022-02-05"
"LU02_29",0,"Flat","Upland",4,"W",636,"LU02",-111.5666,54.85586,463625.813607439,6078898.92586675,"2021-07-15","2022-02-06"
"LU02_30",0,"Flat","Upland",3,"SE",626,"LU02",-111.60098,54.85813,461420.903722011,6079169.90778577,"2021-07-15","2022-02-06"
"LU02_31",0,"Flat","Upland",1.5,"NE",740,"LU02",-111.47372,54.86417,469594.660125124,6079779.35743166,"2021-07-15","2022-02-06"
"LU02_32",2,"Flat","Upland",3,"E",712,"LU02",-111.4461,54.86235,471366.125814379,6079565.19905945,"2021-07-12","2022-02-06"
"LU02_33",0,"Flat","Upland",3,"NW",707,"LU02",-111.50648,54.86687,467494.175548757,6080094.50907838,"2021-07-15","2022-02-06"
"LU02_34",0,"Flat","Upland",1,"W",670,"LU02",-111.40033,54.8848,474318.229431606,6082045.59360432,"2021-07-12","2022-02-06"
"LU02_36",0,"Flat","Upland",2,"NE",855,"LU02",-111.3576,54.92015,477079.497549966,6085964.38580954,"2021-07-12","2022-02-06"
"LU02_38",0,"Flat","Upland",3,"NW",640,"LU02",-111.52653,54.92608,466256.917023036,6086692.61879217,"2021-07-14","2022-09-09"
"LU02_39",0,"Flat","Upland",3,"E",680,"LU02",-111.49615,54.92213,468200.710837028,6086238.85730816,"2021-07-14","2022-09-09"
"LU02_40",0,"Flat","Upland",3,"N",661,"LU02",-111.58392,54.93723,462589.425019066,6087962.51298071,"2021-07-14","2022-09-09"
"LU02_42",0,"Flat","Upland",5,"SE",750,"LU02",-111.45815,54.92949,470641.551607391,6087041.2529842,"2021-07-13","2022-09-10"
"LU02_44",0,"Flat","Upland",3,"N",780,"LU02",-111.4257,54.95452,472737.887967601,6089813.38666365,"2021-07-13","2022-09-09"
"LU02_46",0,"Flat","Upland",3,"N",622,"LU02",-111.51454,54.96857,467060.058646506,6091415.04426433,"2021-07-13","2022-09-10"
"LU02_47",0,"Flat","Upland",2,"W",671,"LU02",-111.64797,54.97673,458526.626389595,6092394.0161589,"2021-07-14","2022-09-09"
"LU02_50",0,"Flat","Upland",2,"SE",688,"LU02",-111.49719,54.97719,468177.581556826,6092366.22256441,"2021-07-13","2022-09-10"
"LU02_51",0,"Flat","Upland",1,"NW",679,"LU02",-111.47964,54.99653,469315.607925073,6094510.48645481,"2021-07-13","2022-09-10"
"LU02_52",0,"Flat","Upland",1.5,"N",745,"LU02",-111.40199,54.99463,474281.927702057,6094267.75215303,"2021-07-14","2022-09-09"
"LU02_54",0,"Flat","Upland",3,"NW",698,"LU02",-111.41174,55.00331,473663.842446702,6095237.27344603,"2021-07-14","2022-09-09"
"LU02_56",0,"Flat","Upland",3,"NW",689,"LU02",-111.39808,55.01672,474546.067189532,6096724.45673433,"2021-07-14","2022-09-10"
"LU02_57",0,"Flat","Upland",3,"E",634,"LU02",-111.39145,55.04159,474985.492865669,6099489.56356146,"2021-07-14","2022-09-10"
"LU03_05",0,"Flat","Lowland",1,"N",680,"LU03",-110.86127,55.34055,508799.029886293,6132697.31276552,"2021-07-11","2022-06-12"
"LU03_07",0,"Flat","Lowland",2,"NE",622,"LU03",-110.75082,55.40634,515778.171018456,6140038.29105675,"2021-07-09","2022-06-11"
"LU03_10",0,"Flat","Lowland",3,"N",659,"LU03",-110.78266,55.43207,513753.11116797,6142894.93367638,"2021-07-09","2022-02-02"
"LU03_102",0,"Flat","Unknown",2,"NW",687,"LU03",-110.85629,55.33055,509117.184828198,6131585.10271584,"2021-07-11","2022-06-12"
"LU03_103",2,"Slope","Unknown",2,"NE",700,"LU03",-110.8249,55.33152,511108.341703756,6131697.60579758,"2021-07-11","2022-06-12"
"LU03_111",0,"Flat","Unknown",4,"N",715,"LU03",-111.1192,55.39863,492450.73542144,6139158.49304738,"2021-07-11","2022-02-04"
"LU03_126",0,"Flat","Unknown",3,"NW",600,"LU03",-110.772418,55.55315,514357.110551033,6156371.72381252,"2021-07-09","2022-06-11"
"LU03_129",0,"Flat","Unknown",2,"SE",578,"LU03",-110.82375,55.57962,511111.338948483,6159308.13792451,"2021-07-09","2022-02-02"
"LU03_13",0,"Flat","Lowland",3,"N",681,"LU03",-111.11472,55.50208,492753.451774359,6150670.67593483,"2021-07-11","2022-06-12"
"LU03_131",0,"Flat","Unknown",2,"N",692,"LU03",-110.79513,55.33239,512996.662757912,6131799.57415674,"2021-07-11","2022-06-12"
"LU03_137",0,"Flat","Unknown",4,"N",687,"LU03",-111.19794,55.42564,487472.468784216,6142175.69712715,"2021-07-11","2022-02-03"
"LU03_14",0,"Flat","Lowland",3,"NE",700,"LU03",-111.09364,55.50061,494084.796825925,6150505.086961,"2021-07-08","2022-02-03"
"LU03_147",0,"Flat","Unknown",2,"NE",625,"LU03",-110.84415,55.53844,509835.542543517,6154722.17784948,"2021-07-09","2022-02-02"
"LU03_15",0,"Flat","Lowland",2,"NE",639,"LU03",-110.79516,55.4944,512941.693238525,6149829.06827001,"2021-07-10","2022-06-11"
"LU03_17",0,"Flat","Lowland",2,"NW",623,"LU03",-110.85303,55.51204,509281.347585199,6151782.94023232,"2021-07-10","2022-06-11"
"LU03_18",0,"Flat","Lowland",3,"NE",649,"LU03",-111.11633,55.53731,492658.314419754,6154591.5371745,"2021-07-11","2022-06-12"
"LU03_19",0,"Flat","Lowland",3,"SE",664,"LU03",-111.07001,55.52431,495580.151030934,6153140.86459325,"2021-07-08","2022-06-11"
"LU03_20",0,"Flat","Lowland",3,"NE",683,"LU03",-111.04119,55.5267,497399.763550409,6153405.38891905,"2021-07-08","2022-02-03"
"LU03_21",5,"Flat","Lowland",3,"N",627,"LU03",-110.91676,55.52354,505255.183540255,6153056.09321465,"2021-07-08","2022-02-03"
"LU03_25",0,"Ridge","Lowland",3,"SE",612,"LU03",-110.90796,55.54139,505808.122084191,6155043.29738209,"2021-07-08","2022-02-03"
"LU03_27",5,"Slope","Lowland",1,"E",610,"LU03",-110.96253,55.5513,502363.924633935,6156142.96249766,"2021-07-10","2022-02-03"
"LU03_28",0,"Flat","Lowland",5,"N",600,"LU03",-110.88773,55.551544,507082.896192075,6156175.20210105,"2021-07-09","2022-02-02"
"LU03_32",0,"Flat","Upland",4,"NE",710,"LU03",-111.20451,55.40952,487051.38526527,6140382.96253889,"2021-07-08","2022-02-03"
"LU03_36",2,"Flat","Upland",2,"N",703,"LU03",-111.22414,55.44786,485822.251890257,6144653.51696524,"2021-07-10","2022-02-04"
"LU03_38",0,"Flat","Upland",4,"E",673,"LU03",-110.76387,55.44706,514936.464088687,6144566.99640336,"2021-07-09","2022-02-02"
"LU03_39",0,"Flat","Upland",3,"N",687,"LU03",-111.23818,55.46641,484941.236485135,6146720.84272528,"2021-07-10","2022-02-04"
"LU03_40",0,"Flat","Upland",3,"NE",705,"LU03",-111.16615,55.47251,489496.898968064,6147386.45883451,"2021-07-10","2022-02-04"
"LU03_41",0,"Flat","Upland",2,"E",732,"LU03",-111.16666,55.46186,489461.81950414,6146201.3250799,"2021-07-10","2022-02-04"
"LU03_44",3,"Slope","Upland",1,"W-SW",630,"LU03",-110.84864,55.50131,509561.181555201,6150589.4131881,"2021-07-10","2022-06-11"
"LU03_45",0,"Flat","Lowland",2,"NE",697,"LU03",-110.96503,55.51747,502208.098008838,6152377.98025392,"2021-07-08","2022-02-03"
"LU03_46",0,"Flat","Upland",5,"E",626,"LU03",-110.89555,55.5084,506596.763967903,6151372.99481964,"2021-07-09","2022-02-02"
"LU03_48",0,"Flat","Lowland",6,"N",637,"LU03",-111.09771,55.54892,493835.254912791,6155881.79164759,"2021-07-08","2022-06-12"
"LU03_50",5,"Flat","Upland",4,"N",644,"LU03",-111.03035,55.55165,498085.282206039,6156181.69445893,"2021-07-08","2022-02-03"
"LU03_51",0,"Flat","Upland",1,"NW",600,"LU03",-110.82767,55.55753,510870.309157354,6156849.13828798,"2021-07-09","2022-02-02"
"LU03_52",0,"Flat","Upland",5,"NE",586,"LU03",-110.89193,55.56306,506815.932905986,6157456.38783995,"2021-07-09","2022-02-02"
"LU03_49",3,"Flat","Lowland",5,"SE",650,"LU03",-111.07931,55.55693,494997.169827539,6156771.73857481,"2021-07-08","2022-02-03"
"LU13_18",0,"Flat","Broadleaf",1,"NE",286,"LU13",-111.5902,57.17993,464320.073962883,6337569.61451173,"2022-09-18","2023-09-27"
"LU13_15",0,"Flat","Broadleaf",1,"N",277,"LU13",-111.59116,57.14037,464223.863215681,6333166.46591214,"2022-09-18","2023-09-27"
"LU13_03",0,"Slope","Mixed",2,"NW",322,"LU13",-111.49142,57.12465,470247.308426498,6331368.67603284,"2022-09-18","2023-09-27"
"LU13_34",5,"Slope","Conifer",1.5,"N",342,"LU13",-111.45408,57.12297,472506.768504488,6331165.99867315,"2022-09-18","2023-09-27"
"LU13_57",0,"Flat","Conifer",1.5,"W",523,"LU13",-111.05726,57.20649,496540.864884495,6340373.25772126,"2022-09-18","2023-09-24"
"LU13_16",0,"Flat","Broadleaf",1,"N",276,"LU13",-111.58554,57.16297,464585.572286207,6335679.26593479,"2022-09-18","2023-09-27"
"LU13_21",5,"Slope","Broadleaf",1,"W",269,"LU13",-111.58622,57.19368,464573.839254752,6339098.13735691,"2022-09-18","2023-09-27"
"LU13_37",0,"Flat","Conifer",1,"NE",344,"LU13",-111.37926,57.11808,477033.84740603,6330593.99285106,"2022-09-18","2023-09-27"
"LU13_55",0,"Flat","Conifer",1,"N",368,"LU13",-111.30484,57.11781,481540.209075639,6330541.34386972,"2022-09-18","2023-09-27"
"LU13_47",0,"Flat","Conifer",1.5,"NE",499,"LU13",-111.09103,57.1871,494497.902779457,6338217.00561426,"2022-09-18","2023-09-24"
"LU13_51",0,"Flat","Conifer",1,"N",396,"LU13",-111.25424,57.08858,484592.193948507,6327275.00139388,"2022-09-16","2023-09-24"
"LU13_27",0,"Flat","Broadleaf",1,"N",403,"LU13",-111.24763,57.09715,484996.24288583,6328227.51150675,"2022-09-16","2023-09-24"
"LU13_05",0,"Flat","Mixed",1,"NW",433,"LU13",-111.21362,57.1115,487061.885493916,6329817.944775,"2022-09-16","2023-09-23"
"LU13_26",0,"Flat","Broadleaf",3,"W",393,"LU13",-111.27681,57.08022,483220.605318145,6326349.71860673,"2022-09-16","2023-09-24"
"LU13_35",0,"Flat","Conifer",1,"W",338,"LU13",-111.43315,57.11565,473768.836032007,6330342.92399809,"2022-09-16","2023-09-26"
"LU13_13",0,"Flat","Broadleaf",1,"N",378,"LU13",-111.30007,57.07174,481806.508962564,6325411.71668927,"2022-09-16","2023-09-24"
"LU13_128",0,"Flat","Mixed",2,"NE",381,"LU13",-111.3068,57.06321,481394.197671864,6324464.00600532,"2022-09-16","2023-09-24"
"LU13_131",0,"Flat","Mixed",1.5,"NE",374,"LU13",-111.3223,57.06533,480455.322494837,6324704.32650561,"2022-09-16","2023-09-24"
"LU13_12",0,"Flat","Broadleaf",1,"W",367,"LU13",-111.31858,57.05774,480676.964330659,6323858.38122181,"2022-09-16","2023-09-24"
"LU13_33",0,"Flat","Conifer",1,"NE",363,"LU13",-111.33517,57.0561,479669.828832219,6323680.64138861,"2022-09-16","2023-09-24"
"LU13_32",0,"Flat","Conifer",1,"NE",363,"LU13",-111.34759,57.04958,478912.786409464,6322958.63160038,"2022-09-16","2023-09-24"
"LU13_30",0,"Flat","Conifer",0.5,"N",352,"LU13",-111.36054,57.04375,478123.727252925,6322313.73758132,"2022-09-16","2023-09-24"
"LU13_53",0,"Flat","Conifer",1,"N",384,"LU13",-111.2645,57.11683,483982.594288711,6330422.06073381,"2022-09-15","2023-09-24"
"LU13_22",0,"Flat","Broadleaf",2,"W",488,"LU13",-111.12086,57.17485,492692.481211781,6336856.15638567,"2022-09-15","2023-09-24"
"LU13_19",0,"Flat","Broadleaf",1,"N",441,"LU13",-111.13,57.16334,492137.409968452,6335575.90009988,"2022-09-15","2023-09-24"
"LU13_45",0,"Flat","Conifer",1.5,"W",429,"LU13",-111.14605,57.1554,491164.790373095,6334693.99975185,"2022-09-15","2023-09-24"
"LU13_08",0,"Flat","Mixed",1,"N",426,"LU13",-111.17169,57.14077,489609.615595206,6333069.03403419,"2022-09-15","2023-09-24"
"LU13_43",0,"Flat","Conifer",1,"N",426,"LU13",-111.15835,57.14806,490418.812675755,6333878.58719021,"2022-09-15","2023-09-24"
"LU13_41",0,"Flat","Conifer",1.5,"NE",423,"LU13",-111.18623,57.13169,488726.921400142,6332060.57959054,"2022-09-15","2023-09-24"
"LU13_59",0,"Flat","Conifer",1,"NE",387,"LU13",-111.25407,57.12108,484615.96700307,6330892.75769127,"2022-09-15","2023-09-24"
"LU13_06",0,"Flat","Mixed",1,"N",411,"LU13",-111.2196,57.12073,486703.008395758,6330846.55117611,"2022-09-15","2023-09-24"
"LU13_14",0,"Flat","Broadleaf",1,"NW",433,"LU13",-111.19258,57.12302,488339.812306989,6331096.52542097,"2022-09-15","2023-09-24"
"LU13_52",0,"Flat","Conifer",2,"W",358,"LU13",-111.41942,57.11729,474601.428241665,6330520.28748388,"2022-09-15","2023-09-27"
"LU13_36",0,"Flat","Conifer",2,"W",343,"LU13",-111.38155,57.12073,476896.826662341,6330889.75464715,"2022-09-15","2023-09-27"
"LU13_38",0,"Flat","Conifer",2,"N",358,"LU13",-111.35448,57.11777,478534.21702451,6330551.41576537,"2022-09-15","2023-09-27"
"LU13_20",0,"Flat","Broadleaf",2,"NE",497,"LU13",-111.10409,57.1806,493707.416963278,6337494.56473717,"2022-09-14","2023-09-24"
"LU13_17",0,"Flat","Broadleaf",3,"NE",497,"LU13",-111.10896,57.16414,493410.081529428,6335662.7250057,"2022-09-15","2023-09-24"
"LU13_56",0,"Flat","Broadleaf",0.5,"W",516,"LU13",-111.10345,57.1521,493741.293927029,6334321.93624514,"2022-09-15","2023-09-24"
"LU13_49",0,"Flat","Conifer",1,"N",504,"LU13",-111.07793,57.19334,495290.495748981,6338910.65304553,"2022-09-15","2023-09-24"
"LU13_70",0,"Flat","Conifer",2,"N",515,"LU13",-111.05211,57.19792,496851.252268138,6339419.00489534,"2022-09-15","2023-09-24"
"LU13_11",0,"Flat","Mixed",2.5,"NW",528,"LU13",-111.04179,57.17275,497473.12089307,6336616.68538904,"2022-09-15","2023-09-24"
"LU15_44",0,"Flat","Mixed",NA,"NW",587,"LU15",-112.87608,56.21265,383644.196797408,6231330.82566303,"2022-09-13","2023-09-12"
"LU15_11",0,"Flat","Conifer",NA,"NE",574,"LU15",-112.83254,56.21214,386342.714015093,6231201.42295198,"2022-09-13","2023-09-12"
"LU15_19",0,"Flat","Broadleaf",NA,"W",569,"LU15",-112.85681,56.2124,384838.425905267,6231270.64182791,"2022-09-13","2023-09-11"
"LU15_07",0,"Flat","Conifer",2,"NE",616,"LU15",-112.98846,56.2118,376672.617327522,6231431.64317288,"2022-09-13","2023-09-12"
"LU15_34",0,"Flat","Mixed",1,"NE",606,"LU15",-112.99898,56.1777,375910.203541118,6227656.03795337,"2022-09-13","2023-09-12"
"LU15_37",0,"Flat","Mixed",NA,"E",581,"LU15",-112.86945,56.1802,383957.401607279,6227708.67168266,"2022-09-13","2023-09-12"
"LU15_18",0,"Flat","Broadleaf",NA,"NE",600,"LU15",-112.93424,56.21154,380034.120252682,6231307.01518841,"2022-09-13","2023-09-12"
"LU15_43",0,"Flat","Mixed",2,"NE",576,"LU15",-112.89617,56.21047,382391.698637676,6231122.33702798,"2022-09-13","2023-09-12"
"LU15_10",0,"Flat","Conifer",4,"NE",588,"LU15",-112.9125,56.21595,381395.910717714,6231760.12206976,"2022-09-13","2023-09-12"
"LU15_58",0,"Flat","Mixed",NA,"SE",596,"LU15",-112.9139,56.22151,381326.285914692,6232381.23554491,"2022-09-13","2023-09-12"
"LU15_08",0,"Flat","Conifer",NA,"S",NA,"LU15",-112.806392,56.215085,387972.841819466,6231486.33241706,"2022-09-13","2023-09-12"
"LU15_12",0,"Flat","Conifer",1,"N",582,"LU15",-112.82142,56.17937,386935.946733626,6227536.51437417,"2022-09-13","2022-11-17"
"LU15_17",0,"Slope","Broadleaf",0.5,"SW",557,"LU15",-112.74088,56.1792,391934.365067038,6227388.45076724,"2022-09-13","2023-09-12"
"LU15_01",0,"Flat","Conifer",0.5,"NE",591,"LU15",-113.01591,56.13297,374713.903623906,6222709.35092185,"2022-09-13","2023-09-13"
"LU15_26",0,"Flat","Mixed",1,"N",596,"LU15",-113.00198,56.13686,375592.064295342,6223116.99574506,"2022-09-13","2023-09-13"
"LU15_27",0,"Flat","Mixed",1,"N",586,"LU15",-112.9838,56.13768,376724.26661915,6223175.60277504,"2022-09-13","2023-09-13"
"LU15_28",0,"Flat","Mixed",1,"W",582,"LU15",-112.94679,56.13708,379021.889920293,6223043.3155209,"2022-09-13","2023-09-13"
"LU15_02",0,"Flat","Conifer",1.5,"NE",586,"LU15",-112.92681,56.13453,380255.38929692,6222724.70233456,"2022-09-13","2023-09-13"
"LU15_29",0,"Flat","Mixed",1.5,"NW",587,"LU15",-112.91135,56.13785,381226.276966925,6223067.41217177,"2022-09-13","2023-09-13"
"LU15_30",0,"Flat","Mixed",1.5,"NE",585,"LU15",-112.88976,56.13825,382568.9412509,6223074.95990311,"2022-09-13","2023-09-13"
"LU15_31",0,"Flat","Mixed",1,"NW",581,"LU15",-112.87377,56.1382,383562.285569056,6223042.2913561,"2022-09-13","2023-09-13"
"LU15_32",0,"Flat","Mixed",1,"NW",583,"LU15",-112.85918,56.1378,384467.600225394,6222973.24976889,"2022-09-13","2023-09-13"
"LU15_20",0,"Flat","Broadleaf",NA,"NW",654,"LU15",-113.06107,56.21454,372179.078882478,6231868.83164025,"2022-09-13","2023-09-12"
"LU15_21",0,"Flat","Broadleaf",NA,"NE",634,"LU15",-113.01251,56.21711,375198.487854513,6232065.80793936,"2022-09-13","2023-09-12"
"LU15_23",0,"Flat","Broadleaf",2,"NE",622,"LU15",-113.05704,56.20251,372389.007710093,6230522.74156134,"2022-09-12","2023-09-12"
"LU15_41",0,"Flat","Mixed",NA,"N",642,"LU15",-113.05862,56.19308,372259.664578309,6229476.35839361,"2022-09-12","2023-09-12"
"LU15_25",0,"Flat","Broadleaf",0,"NW",603,"LU15",-112.96203,56.21123,378309.795309197,6231321.23730505,"2022-09-12","2023-09-12"
"LU15_09",0,"Flat","Conifer",NA,NA,613,"LU15",-112.97829,56.21596,377316.569931627,6231876.39960243,"2022-09-12","2023-09-12"
"LU15_24",0,"Flat","Broadleaf",10,"W",661,"LU15",-113.04411,56.21198,373222.262501593,6231552.64436256,"2022-09-12","2023-09-12"
"LU15_46",0,"Flat","Mixed",10,"NW",645,"LU15",-113.0253,56.21193,374388.527824387,6231512.63979125,"2022-09-12","2023-09-12"
"LU15_40",0,"Flat","Mixed",2,"W",556,"LU15",-112.73063,56.18027,392573.551946175,6227491.50481223,"2022-09-12","2023-09-12"
"LU15_16",0,"Flat","Broadleaf",1,"E",565,"LU15",-112.76156,56.17765,390646.393808054,6227248.56899944,"2022-09-12","2023-09-12"
"LU15_04",0,"Flat","Conifer",1,"N",581,"LU15",-112.92477,56.17984,380522.882004982,6227763.09338447,"2022-09-12","2023-09-12"
"LU15_36",0,"Flat","Mixed",1,"NW",588,"LU15",-112.95157,56.17767,378852.720779531,6227568.38754496,"2022-09-12","2023-09-12"
"LU15_03",0,"Flat","Conifer",1,"NW",609,"LU15",-113.04402,56.17757,373114.292369079,6227723.54488496,"2022-09-12","2023-09-12"
"LU15_15",0,"Flat","Broadleaf",1.5,"N",631,"LU15",-113.06137,56.1834,372056.838898914,6228404.33196573,"2022-09-12","2023-09-12"
"LU15_14",0,"Flat","Broadleaf",1.5,"NW",619,"LU15",-113.07427,56.16916,371208.630044436,6226843.82175228,"2022-09-12","2023-09-12"
"LU15_22",0,"Flat","Conifer",1,"SW",595,"LU15",-112.88847,56.39488,383432.152655207,6251630.28928586,"2022-09-11","2023-09-14"
"LU15_61",0,"Flat","Broadleaf",1.5,"N",609,"LU15",-112.9044,56.38513,382418.950715366,6250572.4165318,"2022-09-11","2023-09-14"
"LU21_106",5,"Slope","Conifer",1,"NE",478,"LU21",-112.03402,56.56523,436456.163507883,6269469.57234537,"2022-09-20","2023-09-25"
"LU21_10",15,"Slope","Mixed",1,"NW",319,"LU21",-111.9936,56.59103,438981.569257439,6272304.46222747,"2022-09-20","2023-09-25"
"LU21_16",10,"Slope","Mixed",1,"N",470,"LU21",-111.97281,56.62522,440312.215555044,6276091.58683373,"2022-09-20","2023-09-25"
"LU21_107",0,"Flat","Conifer",1,"NW",501,"LU21",-111.93458,56.56608,442568.133580184,6269476.56534025,"2022-09-20","2023-09-25"
"LU21_41",0,"Flat","Conifer",1,"NW",481,"LU21",-111.90783,56.66848,444362.727412778,6280851.93042528,"2022-09-20","2023-09-25"
"LU21_63",0,"Flat","Broadleaf",1,"N",459,"LU21",-111.96631,56.60868,440685.087113418,6274245.01203993,"2022-09-20","2023-06-07"
"LU21_27",0,"Flat","Conifer",2,"E",478,"LU21",-112.14841,56.62148,429531.64928987,6275841.8881979,"2022-09-20","2023-09-25"
"LU21_23",10,"Ridge","Conifer",1,"W",484,"LU21",-112.20293,56.59241,426129.677708716,6272663.76547728,"2022-09-20","2023-09-25"
"LU21_21",0,"Flat","Conifer",1,"N",472,"LU21",-112.1497,56.5663,429349.607457908,6269701.72267447,"2022-09-20","2023-09-25"
"LU21_82",0,"Flat","Mixed",1.5,"NE",468,"LU21",-112.16533,56.5299,428320.419489231,6265666.6629613,"2022-09-20","2023-09-25"
"LU21_871",2,"Flat","Mixed",2,"NW",472,"LU21",-112.09488,56.55634,432700.515618831,6268538.10862472,"2022-09-20","2023-09-25"
"LU21_164",0,"Flat","Broadleaf",1,"NE",468,"LU21",-111.93586,56.61886,442569.584537887,6275352.1655979,"2022-09-20","2023-09-25"
"LU21_36",5,"Slope","Conifer",2,"E",474,"LU21",-111.94768,56.64851,441889.850488378,6278662.24832146,"2022-09-20","2023-09-25"
"LU21_14",5,"Slope","Mixed",1,"NW",481,"LU21",-112.09007,56.61864,433106.291729833,6275467.39456091,"2022-09-20","2023-09-25"
"LU21_32",0,"Flat","Conifer",1,"W",487,"LU21",-112.16299,56.63876,428669.65114353,6277780.21657691,"2022-09-20","2023-09-25"
"LU21_126",0,"Flat","Conifer",2,"SW",482,"LU21",-112.17958,56.6229,427621.828735344,6276032.38301145,"2022-09-20","2023-09-25"
"LU21_122",5,"Slope","Conifer",1.5,"E",480,"LU21",-112.17445,56.57432,427844.04605118,6270620.08104559,"2022-09-20","2023-09-25"
"LU21_56",0,"Flat","Broadleaf",1,"NE",485,"LU21",-112.187,56.55825,427042.114564378,6268844.78193593,"2022-09-20","2023-09-25"
"LU21_57",0,"Flat","Broadleaf",1,"N",476,"LU21",-112.14105,56.56273,429874.527945424,6269295.51738134,"2022-09-20","2023-09-25"
"LU21_09",0,"Flat","Mixed",NA,"NW",475,"LU21",-112.06113,56.58638,434826.63159911,6271848.99330422,"2022-09-20","2023-09-25"
"LU21_98",0,"Flat","Conifer",1,"E",472,"LU21",-111.87949,56.51305,445877.828721474,6263529.49714441,"2022-09-20","2023-09-25"
"LU21_119",0,"Flat","Broadleaf",1,"NE",467,"LU21",-112.000478,56.57495,438533.110240368,6270520.87541485,"2022-09-20","2023-10-02"
"LU21_52",0,"Flat","Broadleaf",1,"N",473,"LU21",-111.93567,56.53988,442461.414518362,6266561.37884115,"2022-09-20","2023-09-25"
"LU21_59",NA,"Flat","Broadleaf",1,"SW",422,"LU21",-111.58273,56.56464,464188.299785894,6269077.35503062,"2022-09-17","2023-10-02"
"LU21_68",5,"Flat","Broadleaf",1.5,"N",414,"LU21",-111.71055,56.63286,456411.877061585,6276744.54955797,"2022-09-17","2023-10-02"
"LU21_109",0,"Flat","Conifer",1.5,"NW",459,"LU21",-111.90173,56.56289,444582.103662635,6269094.51399941,"2022-09-17","2023-09-25"
"LU21_93",0,"Flat","Mixed",1.5,"N",474,"LU21",-111.84483,56.56624,448083.509995125,6269422.89880944,"2022-09-17","2023-10-02"
"LU21_114",0,"Flat","Broadleaf",1,"N",474,"LU21",-111.73336,56.55014,454914.26565039,6267552.1743278,"2022-09-17","2023-10-02"
"LU21_105",0,"Flat","Conifer",1,"N",448,"LU21",-111.68693,56.55542,457774.527571668,6268110.34027166,"2022-09-17","2023-10-02"
"LU21_100",0,"Flat","Conifer",1,"N",494,"LU21",-111.90392,56.53842,444411.662322056,6266372.72807367,"2022-09-17","2023-09-25"
"LU21_74",0,"Flat","Mixed",1,"E",472,"LU21",-111.86436,56.51803,446815.847441737,6264071.96180969,"2022-09-17","2023-09-25"
"LU21_78",0,"Flat","Mixed",1,"NE",467,"LU21",-111.82865,56.52056,449016.423050421,6264326.4792088,"2022-09-17","2023-10-02"
"LU21_153",0,"Flat","Conifer",1,"W",462,"LU21",-111.78557,56.55046,451704.966678082,6267623.29178622,"2022-09-17","2023-10-02"
"LU21_06",0,"Flat","Mixed",1,"N",461,"LU21",-111.67988,56.51966,458168.478549485,6264125.79761171,"2022-09-17","2023-10-02"
"LU21_116",0,NA,"Broadleaf",1,"NE",400,"LU21",-111.63883,56.55144,460727.055252894,6267638.80390983,"2022-09-17","2023-10-02"
"LU21_97",0,"Flat","Mixed",1,"NE",421,"LU21",-111.59377,56.57623,463521.003067759,6270373.19617045,"2022-09-17","2023-10-02"
"LU01_13",2,"Flat","Broadleaf",1,"N",646,"LU01",-110.72349,54.60634,517860.66818018,6051021.89130992,"2022-06-13","2023-09-10"
"LU01_30",0,"Flat","Broadleaf",1,"W",637,"LU01",-110.82258,54.73432,511424.159431371,6065241.9082047,"2022-06-13","2023-09-10"
"LU01_85",0,"Flat","Conifer",1,"S",650,"LU01",-110.71049,54.73971,518639.197657125,6065865.68579549,"2022-06-13","2023-05-25"
"LU01_66",0,"Flat","Conifer",2,"N",637,"LU01",-110.72408,54.70777,517778.222961961,6062308.08568081,"2022-06-14","2023-09-10"
"LU01_76",0,"Flat","Conifer",1,"E",636,"LU01",-110.70893,54.70008,518757.921004961,6061456.33810115,"2022-06-14","2022-12-26"
"LU01_73",1,"Flat","Conifer",3,"W",643,"LU01",-110.70935,54.67505,518742.383467855,6058671.06867369,"2022-06-14","2023-09-10"
"LU01_75",0,"Flat","Conifer",1,"NE",648,"LU01",-110.69173,54.68616,519873.167446003,6059912.15216631,"2022-06-14","2023-09-10"
"LU01_47",0,"Flat","Conifer",1,"N",615,"LU01",-110.48721,54.61784,533113.31182535,6052387.19803838,"2022-06-15","2023-09-09"
"LU01_74",5,"Slope","Conifer",1,"W",604,"LU01",-110.26517,54.66743,547393.562843092,6058032.32614745,"2022-06-15","2023-09-10"
"LU01_44",3,"Slope","Mixed",0.5,"NE",613,"LU01",-110.47691,54.59921,533793.854956572,6050319.13536237,"2022-06-15","2023-09-09"
"LU01_41",0,"Flat","Mixed",1,"N",577,"LU01",-110.29359,54.5941,545642.655196461,6049854.13266441,"2022-06-15","2023-09-10"
"LU01_64",0,"Flat","Mixed",1,"E",617,"LU01",-110.31862,54.69595,543915.514701977,6061171.00323009,"2022-06-16","2023-09-09"
"LU01_86",0,"Ridge","Conifer",1,"NW",648,"LU01",-110.34254,54.73745,542330.617004722,6065774.06389628,"2022-06-16","2023-07-27"
"LU01_79",0,"Flat","Conifer",1,"NE",616,"LU01",-110.33426,54.70397,542899.055804211,6062053.72540784,"2022-06-16","2023-09-09"
"LU01_63",0,"Flat","Conifer",2,"NE",618,"LU01",-110.38139,54.69512,539870.80386515,6061041.19200159,"2022-06-16","2022-12-05"
"LU01_72",3,"Slope","Conifer",0.25,"N",606,"LU01",-110.41977,54.65901,537430.355963386,6057002.07023691,"2022-06-16","2022-09-22"
"LU01_67",1,"Flat","Mixed",1,"NE",683,"LU01",-110.55328,54.75274,528751.385144662,6067368.67434498,"2022-06-16","2023-09-09"
"LU01_77",0,"Flat","Broadleaf",2,"W",632,"LU01",-110.53466,54.70092,529988.014091528,6061610.31055205,"2022-06-16","2022-09-22"
"LU01_32",0,"Flat","Conifer",1,"NE",645,"LU01",-110.54806,54.74266,529094.572707894,6066249.19226218,"2022-06-16","2023-09-09"
"LU01_36",1,"Flat","Conifer",1,"NW",642,"LU01",-110.53843,54.72431,529727.949985988,6064211.37048662,"2022-06-16","2023-09-09"
"LU01_84",1,"Slope","Conifer",2,"E",651,"LU01",-110.50404,54.72892,531939.234806094,6064739.44689053,"2022-06-16","2023-09-09"
"LU01_25",1,"Flat","Broadleaf",0.5,"N",617,"LU01",-110.549,54.6924,529069.994802188,6060656.23964421,"2022-06-17","2023-09-09"
"LU01_83",1,"Flat","Conifer",0.5,"N",649,"LU01",-110.54852,54.73326,529071.68937519,6065203.03523172,"2022-06-17","2023-09-09"
"LU01_80",0,"Flat","Conifer",1,"W",641,"LU01",-110.54085,54.71254,529580.655976586,6062900.66933427,"2022-06-17","2023-09-09"
"LU01_70",0,"Flat","Broadleaf",1,"NW",621,"LU01",-110.56893,54.60699,527843.700183098,6051144.47122481,"2022-06-17","2023-04-11"
"LU01_48",0,"Ridge","Mixed",2,"N",636,"LU01",-110.40762,54.60776,538262.218252322,6051306.01112713,"2022-06-17","2023-09-09"
"LU01_45",0,"Flat","Mixed",1,"N",663,"LU01",-110.37065,54.59816,540659.669335268,6050258.57909181,"2022-06-17","2023-09-09"
"LU01_11",1,"Flat","Conifer",1,"N",601,"LU01",-110.48226,54.588892,533456.681203639,6049168.49229501,"2022-06-17","2023-09-09"
"LU01_40",0,"Flat","Mixed",1.5,"E",629,"LU01",-110.57063,54.58176,527751.042211244,6048336.44460489,"2022-06-17","2023-08-24"
"LU01_06",0,"Flat","Broadleaf",1.5,"N",614,"LU01",-110.60829,54.56253,525328.934254077,6046182.50439551,"2022-06-17","2023-09-10"
"LU01_10",0,"Flat","Broadleaf",2,"NE",638,"LU01",-110.60129,54.58592,525766.810798963,6048787.65959327,"2022-06-17","2022-12-05"
"LU01_43",0,"Flat","Mixed",1,"W",600,"LU01",-110.51104,54.60861,531581.652536649,6051349.20313293,"2022-06-18","2023-09-09"
"LU01_71",0,"Flat","Conifer",1,"NE",616,"LU01",-110.50838,54.63866,531730.065529292,6054694.08647796,"2022-06-18","2023-09-09"
"LU01_22",5,"Slope","Conifer",1,"E",623,"LU01",-110.48788,54.65007,533043.906783976,6055973.13989238,"2022-06-18","2023-09-09"
"LU01_60",1,"Flat","Mixed",0.5,"NE",617,"LU01",-110.50311,54.69043,532029.443069323,6060457.00132527,"2022-06-18","2023-09-09"
"LU01_78",0,"Flat","Conifer",1,"NW",610,"LU01",-110.37038,54.69755,540577.988744697,6061317.88930834,"2022-06-18","2023-09-09"
"LU01_46",2,"Flat","Mixed",1,"E",611,"LU01",-110.51263,54.61668,531472.728922778,6052246.44299728,"2022-06-18","2023-09-09"
"LU01_82",0,"Flat","Conifer",1,"NE",590,"LU01",-110.08388,54.703959,559032.702834746,6062234.28741035,"2022-06-15","2023-09-10"
"LU01_27",2,"Flat","Mixed",0.5,"NW",646,"LU01",-110.7394,54.69098,516798.054111834,6060436.03846937,"2022-06-14","2023-09-10"
"LU09_05",0,"Flat","Conifer",1,"N",562,"LU09",-113.6983,55.90594,331327.579229798,6198901.11508074,"2023-09-15","2024-09-09"
"LU09_06",0,"Flat","Mixed",0.2,"N",560,"LU09",-113.66641,55.9047,333315.184859226,6198685.8434587,"2023-09-15","2024-09-09"
"LU09_07",0,"Flat","Conifer",1,"N",577,"LU09",-113.66419,55.92035,333521.022793029,6200421.57292813,"2023-09-16","2024-09-10"
"LU09_08",0,"Flat","Broadleaf",1,"SW",579,"LU09",-113.64588,55.91551,334644.258781352,6199839.18160309,"2023-09-15","2024-09-09"
"LU09_100",0,"Flat","Mixed",1,"E",621,"LU09",-113.39996,56.09786,350714.657627619,6219566.87311863,"2023-09-13","2024-09-09"
"LU09_102",0,"Flat","Broadleaf",1,"NW",620,"LU09",-113.78246,56.10159,326945.229025903,6220875.2954626,"2023-09-14","2024-09-10"
"LU09_106",0,"Flat","Mixed",0.5,"E",626,"LU09",-113.39658,56.11124,350976.575566617,6221048.25718349,"2023-09-13","2024-09-09"
"LU09_112",0,"Flat","Mixed",1,"W",624,"LU09",-113.29684,56.13584,357268.442153317,6223574.45087041,"2023-09-13","2024-09-09"
"LU09_113",0,"Flat","Mixed",1,"N",624,"LU09",-113.26157,56.12781,359430.478036469,6222608.55676068,"2023-09-13","2024-09-09"
"LU09_12",0,"Flat","Broadleaf",1,"NE",575,"LU09",-113.67606,55.9281,332812.874153675,6201312.40924469,"2023-09-15","2024-09-10"
"LU09_13",0,"Flat","Conifer",1,"E-NE",595,"LU09",-113.48714,55.93486,344639.867481864,6201623.80287975,"2023-09-15","2024-09-09"
"LU09_18",0,"Flat","Broadleaf",1,"W",575,"LU09",-113.68761,55.93893,332138.335225917,6202545.24217098,"2023-09-15","2024-09-10"
"LU09_21",0,"Flat","Broadleaf",NA,"W",589,"LU09",-113.71101,55.95748,330758.195049963,6204665.99614418,"2023-09-16","2024-09-10"
"LU09_24",0,"Flat","Broadleaf",0.5,"W",632,"LU09",-113.71067,55.97636,330861.825773726,6206765.56700093,"2023-09-15","2024-09-10"
"LU09_28",0,"Flat","Broadleaf",1.5,"W",587,"LU09",-113.76594,55.98742,327463.395846313,6208132.64518149,"2023-09-15","2024-09-10"
"LU09_29",0,"Flat","Broadleaf",1,"NE",581,"LU09",-113.73471,55.97969,329376.887896797,6207195.13408289,"2023-09-15","2024-09-10"
"LU09_30",0,"Flat","Broadleaf",2,"NW",624,"LU09",-113.70862,55.99221,331058.851598987,6208523.87125477,"2023-09-15","2024-09-10"
"LU09_31",0,"Flat","Mixed",0,"NE",606,"LU09",-113.68733,55.9869,332363.393755305,6207881.26897528,"2023-09-16","2024-09-10"
"LU09_32",0,"Flat","Broadleaf",0.5,"NE",637,"LU09",-113.66647,55.98812,333669.534785594,6207966.57928773,"2023-09-16","2024-09-10"
"LU09_33",0,"Flat","Broadleaf",1.5,"NW",622,"LU09",-113.64686,55.98748,334889.722317452,6207848.34095758,"2023-09-16","2024-09-10"
"LU09_39",0,"Flat","Conifer",1,"W",604,"LU09",-113.44392,55.98985,347555.391323958,6207645.648735,"2023-09-14","2024-09-09"
"LU09_41",0,"Flat","Broadleaf",0.5,"N",610,"LU09",-113.76165,56.00175,327794.672865842,6209716.13510112,"2023-09-15","2024-09-10"
"LU09_44",0,"Flat","Conifer",2,"N-NW",612,"LU09",-113.47067,56.00827,345960.497672454,6209754.37439364,"2023-09-15","2024-09-09"
"LU09_51",0,"Flat","Mixed",1,"E",615,"LU09",-113.36845,56.02089,352380.399947578,6210935.27227156,"2023-09-14","2024-09-09"
"LU09_55",0,"Flat","Conifer",1,"E",616,"LU09",-113.4966,56.02372,344406.361361431,6211531.43615774,"2023-09-16","2024-09-09"
"LU09_57",0,"Flat","Mixed",1,"W",611,"LU09",-113.4364,56.02872,348176.928778431,6211953.74917468,"2023-09-16","2024-09-09"
"LU09_62",0,"Flat","Conifer",0.5,"NW",616,"LU09",-113.76742,56.03572,327586.462719447,6213509.66080818,"2023-09-15","2024-09-10"
"LU09_63",0,"Flat","Broadleaf",NA,"E",615,"LU09",-113.73437,56.0298,329618.83839837,6212769.02665703,"2023-09-16","2024-09-10"
"LU09_64",0,"Flat","Broadleaf",1,"SW",616,"LU09",-113.72797,56.0397,330061.039703661,6213854.63437843,"2023-09-15","2024-09-10"
"LU09_65",0,"Flat","Conifer",1,"W",620,"LU09",-113.54919,56.04187,341204.20030297,6213670.46929601,"2023-09-16","2024-09-09"
"LU09_67",1,"Flat","Conifer",0.5,"N",613,"LU09",-113.40793,56.03918,349991.2166123,6213055.31762657,"2023-09-16","2024-09-09"
"LU09_68",1,"Flat","Mixed",2,"NW",633,"LU09",-113.36591,56.04655,352636.508521109,6213784.83659842,"2023-09-14","2024-09-09"
"LU09_72",0,"Flat","Broadleaf",1,"NW",596,"LU09",-113.72662,56.05514,330212.971540112,6215569.0243052,"2023-09-15","2024-09-10"
"LU09_73",5,"Slope","Mixed",1,"N",611,"LU09",-113.5569,56.05505,340778.361511905,6215154.58801882,"2023-09-16","2024-09-09"
"LU09_75",0,"Flat","Conifer",0.5,"NW",NA,"LU09",-113.48314,56.05522,345371.079077786,6215005.84458499,"2023-09-14","2024-09-09"
"LU09_76",1,"Flat","Conifer",1,"SW",619,"LU09",-113.45915,56.06062,346886.031934881,6215553.17605133,"2023-09-16","2024-09-09"
"LU09_77",0,"Flat","Mixed",1,"N",603,"LU09",-113.42562,56.05704,348959.238498667,6215081.00319119,"2023-09-14","2024-09-09"
"LU09_79",0,"Flat","Broadleaf",0.5,"NW",606,"LU09",-113.76394,56.06759,327945.19895043,6217046.49873263,"2023-09-14","2024-09-10"
"LU09_80",0,"Flat","Broadleaf",1,"N",610,"LU09",-113.73965,56.06609,329450.185739927,6216819.34082243,"2023-09-15","2024-09-10"
"LU09_81",1,"Flat","Conifer",0.5,"NW",616,"LU09",-113.52341,56.06139,342889.107684461,6215783.23024171,"2023-09-16","2024-02-09"
"LU09_82",0,"Flat","Mixed",1,"W",605,"LU09",-113.4772,56.06802,345791.999680765,6216416.67501916,"2023-09-14","2024-09-09"
"LU09_85",0,"Flat","Broadleaf",1,"NW",602,"LU09",-113.77494,56.07789,327306.736363583,6218219.84230178,"2023-09-14","2024-09-10"
"LU09_86",5,"Slope","Mixed",1,"NE",619,"LU09",-113.52008,56.08713,343200.971719916,6218639.43938181,"2023-09-14","2024-09-09"
"LU09_87",0,"Flat","Conifer",0.5,"NE",NA,"LU09",-113.44093,56.07875,348091.54901684,6217530.0687528,"2023-09-14","2024-09-09"
"LU09_90",0,"Flat","Conifer",3,"SE",625,"LU09",-113.33807,56.09386,354548.517999519,6218989.65439079,"2023-09-13","2024-09-09"
"LU09_93",0,"Flat","Broadleaf",1.5,"NE",594,"LU09",-113.78278,56.08794,326864.071175071,6219357.5432209,"2023-09-16","2024-09-10"
"LU09_94",0,"Flat","Broadleaf",2,"E",647,"LU09",-113.76354,56.09827,328106.812069798,6220458.65060198,"2023-09-14","2024-09-10"
"LU09_96",0,"Flat","Mixed",1,"NE",606,"LU09",-113.50814,56.10025,343996.764728545,6220072.09029353,"2023-09-14","2024-09-09"
"LU09_98",0,"Flat","Conifer",1,"N",NA,"LU09",-113.47141,56.0985,346273.811370418,6219794.95297793,"2023-09-14","2024-09-09"
"LU09_27",0,"Flat","Mixed",1,"N",598,"LU09",-113.36397,55.96937,352463.395536691,6205193.5008223,"2023-09-15","2024-09-09"
"LU14_03",0,"Flat","Conifer",1.5,"W",482,"LU14",-112.30953,56.94589,420336.2188247,6312125.7694567,"2023-09-30","2024-09-30"
"LU14_07",0,"Flat","Broadleaf",0.5,"W",491,"LU14",-112.41011,56.9571,414243.773825853,6313495.17899095,"2023-09-30","2024-09-30"
"LU14_08",0,"Flat","Mixed",0.5,"E",479,"LU14",-112.38725,56.95589,415631.166189645,6313332.05212726,"2023-09-30","2024-09-30"
"LU14_09",0,"Flat","Conifer",NA,"E",483,"LU14",-112.36073,56.95599,417244.139282274,6313310.7568694,"2023-09-30","2024-09-30"
"LU14_100",0,"Flat","Mixed",1,"E",537,"LU14",-112.32694,57.21349,419856.32335022,6341931.29374748,"2023-09-26","2024-09-26"
"LU14_102",0,"Flat","Conifer",1,"E",518,"LU14",-112.24976,57.21218,424514.802702262,6341697.3515789,"2023-09-26","2024-09-26"
"LU14_105",0,"Flat","Mixed",1,"SE",583,"LU14",-112.42336,57.22642,414063.353022711,6343487.9846633,"2023-09-26","2024-09-26"
"LU14_110",0,"Flat","Conifer",1,"NW",545,"LU14",-112.55234,57.24136,406314.717652681,6345320.89670307,"2023-09-26","2024-09-27"
"LU14_114",0,"Flat","Mixed",1,"NE",549,"LU14",-112.3881,57.23443,416210.198779241,6344335.62362766,"2023-09-26","2024-09-26"
"LU14_115",0,"Flat","Conifer",0,"W",530,"LU14",-112.3089,57.23761,420997.390109938,6344594.95518167,"2023-09-26","2024-09-26"
"LU14_120",0,"Flat","Conifer",1,"NE",588,"LU14",-112.59342,57.27318,403918.62523983,6348919.77243165,"2023-09-26","2024-09-27"
"LU14_121",0,"Flat","Conifer",1,"W",540,"LU14",-112.5294,57.26169,407749.845152495,6347552.37937495,"2023-09-26","2024-09-27"
"LU14_131",0,"Flat","Conifer",NA,"N",568,"LU14",-112.27245,57.28914,423304.45476634,6350289.01030986,"2023-09-26","2024-09-26"
"LU14_135",0,"Flat","Conifer",0,"N",580,"LU14",-112.36021,57.32076,418085.54469904,6353910.82377747,"2023-09-26","2024-09-26"
"LU14_16",0,"Flat","Mixed",NA,"W",473,"LU14",-112.29803,56.95922,421063.939067383,6313596.09310918,"2023-10-03","2024-09-27"
"LU14_17",0,"Flat","Broadleaf",0,"N",489,"LU14",-112.19186,56.96855,427538.088822162,6314516.95582092,"2023-10-03","2024-09-26"
"LU14_19",0,"Flat","Conifer",2,"N",477,"LU14",-112.45065,56.98159,411836.403656102,6316272.52492199,"2023-09-30","2024-09-30"
"LU14_20",0,"Flat","Conifer",NA,"NW",474,"LU14",-112.4352,56.97155,412751.826859002,6315135.23497759,"2023-09-30","2024-09-30"
"LU14_250",0,"Flat","Mixed",1,"NE",448,"LU14",-112.16242,57.02059,429426.426037926,6320278.4845419,"2023-10-02","2024-09-26"
"LU14_30",0,"Flat","Mixed",1,"NW",493,"LU14",-112.49358,57.01174,409300.936386457,6319684.43367259,"2023-09-30","2024-09-30"
"LU14_31",0,"Flat","Mixed",1,"NE",493,"LU14",-112.47708,57.00264,410280.918790084,6318649.80939408,"2023-09-30","2024-09-30"
"LU14_33",0,"Flat","Mixed",1,"E",460,"LU14",-112.3383,57.00923,418724.249531349,6319209.57656444,"2023-10-03","2024-09-27"
"LU14_37",0,"Flat","Broadleaf",1,"W",490,"LU14",-112.10431,57.01992,432953.048548667,6320145.36173619,"2023-10-02","2024-09-26"
"LU14_47",0,"Flat","Conifer",0,"N",517,"LU14",-112.55693,57.03347,405509.469917243,6322188.87238149,"2023-09-30","2024-09-30"
"LU14_48",0,"Flat","Mixed",0,"E",521,"LU14",-112.53831,57.03131,406633.995214725,6321922.85235993,"2023-09-30","2024-09-30"
"LU14_49",0,"Flat","Mixed",1,"E",506,"LU14",-112.51659,57.02781,407943.487394056,6321503.81370619,"2023-09-30","2024-09-30"
"LU14_51",0,"Flat","Mixed",NA,"W",472,"LU14",-112.43441,57.03178,412940.632358347,6321837.89699269,"2023-10-03","2024-09-27"
"LU14_54",0,"Flat","Mixed",1,"NE",502,"LU14",-112.59723,57.04813,403102.080637025,6323876.99795167,"2023-09-30","2024-09-30"
"LU14_56",0,"Flat","Mixed",NA,"NW",478,"LU14",-112.44809,57.066,412191.21093445,6325664.16593076,"2023-10-03","2024-09-27"
"LU14_61",0,"Flat","Broadleaf",1,"N",510,"LU14",-112.6067,57.056,402548.250269788,6324766.3974245,"2023-09-30","2024-09-30"
"LU14_62",0,"Flat","Conifer",0,"NE",406,"LU14",-112.13075,57.06214,431425.685103609,6324871.01988397,"2023-10-02","2024-09-26"
"LU14_63",0,"Flat","Broadleaf",0,"NE",507,"LU14",-112.60155,57.07264,402904.041061486,6326611.06790878,"2023-09-30","2024-09-30"
"LU14_66",0,"Flat","Broadleaf",0,"NE",523,"LU14",-112.60819,57.08591,402536.333322636,6328097.46917154,"2023-09-30","2024-02-10"
"LU14_70",0,"Flat","Mixed",1,"NE",387,"LU14",-112.17182,57.0854,428979.586355337,6327502.0299041,"2023-10-02","2024-04-04"
"LU14_71",0,"Flat","Broadleaf",0,"NE",463,"LU14",-112.35362,57.09972,417993.64808687,6329299.77627069,"2023-10-03","2024-09-27"
"LU14_72",10,"Slope","Mixed",2,"N",439,"LU14",-112.30749,57.09985,420788.416717316,6329259.74896124,"2023-10-02","2024-09-27"
"LU14_74",0,"Flat","Broadleaf",1.5,"NE",437,"LU14",-112.29683,57.11259,421461.140151398,6330665.45700316,"2023-10-02","2024-09-27"
"LU14_76",0,"Flat","Broadleaf",1,"NE",469,"LU14",-112.31454,57.1339,420434.37183174,6333057.90455464,"2023-10-02","2024-09-27"
"LU14_78",0,"Flat","Broadleaf",2,"NW",464,"LU14",-112.39216,57.14869,415770.21368976,6334797.31591232,"2023-10-03","2024-09-27"
"LU14_80",0,"Flat","Mixed",0,"NE",422,"LU14",-112.14778,57.15258,430562.312907953,6334954.96085588,"2023-10-02","2024-09-26"
"LU14_84",0,"Flat","Conifer",NA,"N",422,"LU14",-112.20978,57.16385,426833.95540867,6336274.23721466,"2023-10-02","2024-08-06"
"LU14_85",0,"Flat","Conifer",1,"NW",536,"LU14",-112.5036,57.17165,409084.736717552,6337495.97313827,"2023-10-03","2024-09-27"
"LU14_86",0,"Flat","Broadleaf",2,"E",455,"LU14",-112.28728,57.16994,422159.961962544,6337037.92084573,"2023-09-26","2024-09-26"
"LU14_88",0,"Flat","Broadleaf",0,"W",551,"LU14",-112.46383,57.19172,411537.187287293,6339677.50311715,"2023-10-03","2024-09-27"
"LU14_91",0,"Flat","Broadleaf",0,"NW",410,"LU14",-112.12025,57.18819,432292.847364355,6338891.00064799,"2023-09-26","2024-09-26"
"LU14_92",0,"Flat","Mixed",NA,"NW",540,"LU14",-112.49829,57.19552,409464.177401807,6340145.70539898,"2023-09-26","2024-09-27"
"LU14_96",0,"Flat","Broadleaf",1,"NE",447,"LU14",-112.2138,57.19223,426647.09188038,6339437.48548192,"2023-09-26","2024-09-26"
"LU14_97",0,"Flat","Mixed",1,"N",535,"LU14",-112.54814,57.21857,406510.521301395,6342778.54142058,"2023-09-26","2024-09-27"
"LU14_75",0,"Flat","Mixed",1,"E",511,"LU14",-112.51261,57.13144,408440.714783874,6333032.56720531,"2023-10-03","2024-09-27"
"LU16_02",0,"Flat","Conifer",0,"N",544,"LU16",-111.00751,57.20954,499546.350605578,6340711.35280308,"2023-10-01","2024-09-28"
"LU16_03",0,"Flat","Conifer",0,"NW",570,"LU16",-110.98463,57.21346,500928.34249181,6341147.80341158,"2023-10-01","2024-09-28"
"LU16_15",0,"Flat","Conifer",0,"NE",517,"LU16",-111.0137,57.25314,499173.413036819,6345564.93966804,"2023-10-01","2024-09-28"
"LU16_20",0,"Flat","Conifer",0,"E",559,"LU16",-110.98528,57.26106,500887.93795664,6346446.60630802,"2023-10-01","2024-09-28"
"LU16_200",0,"Flat","Broadleaf",1,"NW",347,"LU16",-111.16485,57.34407,490078.319123174,6355699.26171324,"2023-10-01","2024-09-28"
"LU16_201",0,"Flat","Unknown",1,"NW",339,"LU16",-111.22929,57.32199,486191.652782492,6353252.52722261,"2023-10-01","2024-09-28"
"LU16_202",0,"Flat","Unknown",0.5,"SW",339,"LU16",-111.238,57.31378,485663.923314494,6352340.38544669,"2023-10-01","2024-09-28"
"LU16_203",0,"Flat","Unknown",NA,"W",355,"LU16",-111.26814,57.29753,483841.302501033,6350538.17987357,"2023-10-01","2024-09-28"
"LU16_22",0,"Flat","Conifer",1,"NE",489,"LU16",-111.04905,57.26844,497041.803920336,6347269.11759898,"2023-10-04","2024-09-28"
"LU16_23",0,"Flat","Conifer",1.5,"N",536,"LU16",-110.99068,57.26954,500562.070681559,6347390.54303593,"2023-10-01","2024-09-28"
"LU16_24",0,"Flat","Conifer",1,"NE",521,"LU16",-110.98764,57.28073,500745.180972369,6348636.24577477,"2023-10-01","2024-09-28"
"LU16_25",0,"Flat","Conifer",1,"NW",353,"LU16",-111.10987,57.30696,493380.681343182,6351561.45813393,"2023-10-01","2024-09-28"
"LU16_26",0,"Flat","Conifer",1,"N",348,"LU16",-111.11306,57.31717,493190.381662801,6352698.35831867,"2023-10-01","2024-09-28"
"LU16_270",0,"Flat","Unknown",NA,"E",285,"LU16",-111.50916,57.51564,469498.82703918,6374901.25366506,"2023-10-04","2024-09-24"
"LU16_28",0,"Flat","Broadleaf",1,"NW",339,"LU16",-111.19855,57.33581,488047.367555342,6354785.16466337,"2023-10-01","2024-09-28"
"LU16_300",0,"Flat","Mixed",0,"N",532,"LU16",-111.02139,57.21725,498708.184088814,6341569.80115659,"2023-10-01","2024-09-28"
"LU16_301",0,"Flat","Mixed",0,"NW",506,"LU16",-111.04526,57.23484,497267.89306334,6343528.61358946,"2023-10-01","2024-09-28"
"LU16_302",0,"Flat","Mixed",2,"N",532,"LU16",-111.01058,57.24204,499361.465763518,6344329.25683307,"2023-10-01","2024-09-28"
"LU16_303",0,"Flat","Mixed",0.5,"NW",515,"LU16",-111.02443,57.23633,498525.34947315,6343693.8366694,"2023-10-01","2024-09-28"
"LU16_313",0,"Flat","Mixed",1,"W",424,"LU16",-111.09251,57.28475,494423.206657136,6349087.47406007,"2023-10-04","2024-09-28"
"LU16_314",0,"Flat","Mixed",1,"W",478,"LU16",-111.06755,57.25639,495924.742388443,6345928.6667518,"2023-10-04","2024-09-28"
"LU16_36",0,"Flat","Conifer",NA,"NW",317,"LU16",-111.22568,57.33492,486413.826934555,6354691.17911771,"2023-10-01","2024-09-28"
"LU16_37",3,"Slope","Broadleaf",2,"N",347,"LU16",-111.18068,57.33694,489123.466965191,6354907.96040322,"2023-10-01","2024-09-28"
"LU16_49",0,"Flat","Conifer",1,"NW",307,"LU16",-111.53667,57.47615,467816.135757444,6370517.83068862,"2023-10-04","2024-09-24"
"LU16_52",0,"Flat","Conifer",0.5,"NW",302,"LU16",-111.50633,57.49052,469647.512587921,6372103.56591692,"2023-10-04","2024-09-24"
"LU16_54",0,"Flat","Conifer",2,"NW",298,"LU16",-111.45538,57.49797,472707.294651855,6372911.30324175,"2023-09-29","2024-09-24"
"LU16_55",0,"Flat","Conifer",0.5,"NW",301,"LU16",-111.4763,57.49791,471453.442280971,6372913.22140856,"2023-09-29","2024-01-16"
"LU16_57",0,"Flat","Conifer",NA,"W",292,"LU16",-111.43999,57.50681,473636.043703921,6373889.31938797,"2023-09-29","2024-09-24"
"LU16_58",0,"Flat","Conifer",0,"NE",298,"LU16",-111.42342,57.51048,474631.447821099,6374291.56534987,"2023-09-29","2024-09-24"
"LU16_60",0,"Flat","Conifer",NA,"N",303,"LU16",-111.40755,57.52402,475591.311804953,6375793.06781262,"2023-10-04","2024-09-24"
"LU16_62",0,"Flat","Conifer",0,"N",306,"LU16",-111.37714,57.52477,477413.057478825,6375866.03913384,"2023-09-29","2024-09-24"
"LU16_63",0,"Flat","Conifer",0.5,"N",302,"LU16",-111.1943,57.52407,488363.109574368,6375742.04444295,"2023-09-28","2024-09-24"
"LU16_67",0,"Flat","Conifer",0,"NE",290,"LU16",-111.18156,57.51599,489123.719819697,6374840.43221962,"2023-09-28","2024-09-24"
"LU16_68",0,"Flat","Conifer",1,"NW",307,"LU16",-111.26984,57.53948,483845.745232481,6377473.01088195,"2023-09-28","2024-09-24"
"LU16_69",0,"Flat","Conifer",NA,"NW",298,"LU16",-111.30865,57.53521,481520.192169034,6377007.55309351,"2023-09-28","2024-09-24"
"LU16_70",0,"Flat","Conifer",0,"NE",315,"LU16",-111.23334,57.53098,486027.599066138,6376518.65684917,"2023-09-28","2024-09-24"
"LU16_71",0,"Flat","Conifer",NA,"N",319,"LU16",-111.24512,57.54227,485326.751151614,6377777.99495992,"2023-09-28","2024-09-24"
"LU16_72",0,"Flat","Conifer",0,"E",289,"LU16",-111.47166,57.55765,471777.721423269,6379561.72604658,"2023-09-28","2024-09-24"
"LU16_73",0,"Flat","Conifer",0,"N",306,"LU16",-111.40896,57.55149,475525.282904103,6378851.63803386,"2023-09-28","2024-09-24"
"LU16_74",0,"Flat","Conifer",0,"NE",294,"LU16",-111.40054,57.54376,476024.108287209,6377988.09998351,"2023-09-29","2024-09-24"
"LU16_75",0,"Flat","Conifer",1,"NW",307,"LU16",-111.37523,57.53541,477533.991456976,6377049.8904903,"2023-09-29","2024-09-24"
"LU16_77",0,"Flat","Conifer",1,"NE",310,"LU16",-111.30955,57.54812,481472.858445224,6378444.99510933,"2023-09-28","2024-09-24"
"LU16_80",0,"Flat","Conifer",1,"NW",304,"LU16",-111.32841,57.53865,480338.958652553,6377396.05752597,"2023-09-28","2024-09-24"
"LU16_81",0,"Flat","Conifer",1,"N",311,"LU16",-111.29247,57.53815,482490.343616918,6377330.55884594,"2023-09-28","2024-09-24"
"LU16_83",0,"Flat","Conifer",0,"NE",291,"LU16",-111.43022,57.55526,474255.621239884,6379279.19195002,"2023-09-28","2024-09-24"
"LU16_84",0,"Flat","Conifer",0,"NE",306,"LU16",-111.41671,57.55958,475067.005812574,6379755.06926426,"2023-09-28","2024-09-24"
"LU16_85",0,"Flat","Conifer",0,"NE",301,"LU16",-111.39724,57.55818,476231.033559333,6379592.23194964,"2023-09-29","2024-09-24"
"LU16_88",2,"Ridge","Conifer",1,"N",295,"LU16",-111.34637,57.54219,479265.756379062,6377795.48711883,"2023-09-29","2024-09-24"
"LU22_110",0,"Flat","Broadleaf",1,"N",477,"LU22",-115.04659,57.08053,254792.9571988,6333623.72299894,"2023-09-20","2024-09-07"
"LU22_48",0,"Flat","Broadleaf",1,"NE",539,"LU22",-114.96295,56.93743,258933.160252752,6317412.3443299,"2023-09-20","2024-09-07"
"LU22_107",0,"Flat","Broadleaf",0.5,"NW",524,"LU22",-114.94152,57.07735,261135.14681068,6332897.15375448,"2023-09-20","2024-09-07"
"LU22_49",0,"Flat","Broadleaf",1,"NW",562,"LU22",-114.93654,56.93194,260503.446655203,6316708.91126613,"2023-09-20","2024-09-07"
"LU22_103",0,"Flat","Broadleaf",1,"N",526,"LU22",-114.8876,57.06662,264332.682981518,6331516.27837607,"2023-09-20","2024-09-07"
"LU22_44",0,"Flat","Mixed",NA,"NE",633,"LU22",-114.85827,56.9196,265184.838449195,6315064.85607584,"2023-09-20","2024-09-07"
"LU22_21",10,"Slope","Mixed",2,"N",663,"LU22",-114.8343,56.87619,266371.725316907,6310154.9768802,"2023-09-19","2024-09-06"
"LU22_15",10,"Slope","Broadleaf",1,"W",735,"LU22",-114.83213,56.85429,266367.253464519,6307712.0058657,"2023-09-19","2024-09-06"
"LU22_50",5,"Slope","Broadleaf",1,"E",622,"LU22",-114.81908,56.93489,267663.634527726,6316631.30210757,"2023-09-19","2024-09-07"
"LU22_38",0,"Flat","Broadleaf",0,"NW",623,"LU22",-114.78486,56.92197,269664.540828723,6315078.5235275,"2023-09-19","2024-01-28"
"LU22_22",0,"Flat","Conifer",0.5,"NW",657,"LU22",-114.7846,56.87814,269410.228719033,6310203.07430308,"2023-09-19","2024-09-06"
"LU22_85",0,"Flat","Broadleaf",0,"NE",582,"LU22",-114.76451,57.02431,271530.156254521,6326392.06933677,"2023-09-20","2024-09-06"
"LU22_33",0,"Flat","Conifer",1,"NE",642,"LU22",-114.76378,56.8931,270769.696314952,6311796.8274923,"2023-09-19","2024-09-06"
"LU22_34",0,"Flat","Mixed",0,"NW",642,"LU22",-114.75753,56.902,271204.583991394,6312765.71088966,"2023-09-19","2024-09-06"
"LU22_11",0,"Flat","Conifer",4,"NW",737,"LU22",-114.75189,56.8379,271156.307393869,6305617.84324815,"2023-09-19","2024-09-06"
"LU22_29",0,"Flat","Conifer",2,"N",724,"LU22",-114.74471,56.88538,271883.400267348,6310874.42710142,"2023-09-19","2024-09-06"
"LU22_86",10,"Slope","Broadleaf",1,"SW",600,"LU22",-114.73642,57.01931,273203.496111167,6325742.2786459,"2023-09-20","2024-09-06"
"LU22_80",5,"Slope","Conifer",4,"E",586,"LU22",-114.73636,57.00723,273133.541255601,6324398.55251601,"2023-09-20","2024-09-06"
"LU22_17",0,"Flat","Mixed",0.5,"NE",737,"LU22",-114.73563,56.86489,272311.600962417,6308565.30788058,"2023-09-19","2024-09-06"
"LU22_35",0,"Flat","Mixed",1,"W",650,"LU22",-114.73399,56.89601,272600.685938547,6312020.9464603,"2023-09-19","2024-09-06"
"LU22_63",0,"Flat","Broadleaf",0.5,"NE",570,"LU22",-114.72468,56.97141,273624.843458993,6320375.90984205,"2023-09-20","2024-09-06"
"LU22_30",5,"Slope","Broadleaf",1.5,"E",680,"LU22",-114.72423,56.88089,273103.044718702,6310306.89026316,"2023-09-19","2024-09-06"
"LU22_04",0,"Flat","Conifer",2,"N",730,"LU22",-114.7117,56.82068,273502.282802112,6303568.89019171,"2023-09-19","2024-09-06"
"LU22_36",0,"Flat","Conifer",1,"E",622,"LU22",-114.70744,56.90241,274255.298825145,6312644.72094147,"2023-09-19","2024-09-06"
"LU22_76",0,"Flat","Conifer",1,"N",595,"LU22",-114.69523,56.99687,275567.064362387,6323110.34540495,"2023-09-20","2024-09-06"
"LU22_05",0,"Flat","Mixed",1,"NE",738,"LU22",-114.68971,56.82219,274852.48757965,6303664.22980657,"2023-09-19","2024-09-06"
"LU22_87",0,"Flat","Conifer",0,"N",593,"LU22",-114.6878,57.01786,276144.28220287,6325420.48206188,"2023-09-20","2024-09-06"
"LU22_25",2,"Flat","Broadleaf",0.5,"E",652,"LU22",-114.66645,56.8749,276585.555483965,6309450.36224428,"2023-09-19","2024-09-06"
"LU22_89",5,"Flat","Conifer",0.5,"E",566,"LU22",-114.65743,57.02902,278053.326587257,6326562.52881592,"2023-09-20","2024-09-06"
"LU22_18",2,"Flat","Mixed",0.5,"SE",670,"LU22",-114.64916,56.86026,277551.580484915,6307765.69710591,"2023-09-19","2024-09-06"
"LU22_32",0,"Flat","Broadleaf",0,"N",644,"LU22",-114.62615,56.88297,279087.538023718,6310216.94738627,"2023-09-19","2024-09-06"
"LU22_08",0,"Flat","Mixed",0.5,"NE",691,"LU22",-114.62565,56.83722,278848.002713594,6305126.87502452,"2023-09-19","2024-09-06"
"LU22_06",0,"Flat","Broadleaf",1,"N",740,"LU22",-114.62326,56.81301,278850.989823935,6302426.44415408,"2023-09-21","2023-10-22"
"LU22_81",0,"Flat","Conifer",0.5,"NW",581,"LU22",-114.62211,57.01878,280135.023447642,6325309.26312937,"2023-09-20","2024-09-06"
"LU22_07",0,"Flat","Mixed",1,"NE",717,"LU22",-114.61899,56.82454,279179.35745426,6303695.04917717,"2023-09-21","2024-09-06"
"LU22_69",1,"Flat","Mixed",1,"NW",564,"LU22",-114.6179,56.99216,280233.419972497,6322334.89756941,"2023-09-20","2024-09-08"
"LU22_70",0,"Flat","Broadleaf",0.5,"N",572,"LU22",-114.56931,56.99237,283184.639304131,6322202.89030534,"2023-09-21","2024-09-07"
"LU22_82",0,"Flat","Mixed",1,"NE",587,"LU22",-114.55493,57.00713,284143.223437677,6323799.04105404,"2023-09-21","2024-09-07"
"LU22_94",0,"Flat","Mixed",1,"E",595,"LU22",-114.55388,57.03572,284372.624686526,6326975.74121539,"2023-09-21","2024-09-07"
"LU22_101",10,"Slope","Conifer",1,"NW",610,"LU22",-114.53072,57.0512,285866.244138318,6328624.63272698,"2023-09-21","2024-09-07"
"LU22_71",3,"Flat","Mixed",0,"NW",623,"LU22",-114.52732,56.99336,285739.666528318,6322180.43992198,"2023-09-21","2024-09-07"
"LU22_77",0,"Flat","Mixed",0.5,"W",620,"LU22",-114.50988,56.99992,286836.018528263,6322855.51276857,"2023-09-21","2024-09-07"
"LU22_72",0,"Flat","Mixed",NA,"NW",621,"LU22",-114.49997,56.99256,287395.581544183,6322005.95394266,"2023-09-21","2024-09-07"
"LU22_65",0,"Flat","Mixed",0.5,"W",624,"LU22",-114.48563,56.9833,288213.611621881,6320931.38764923,"2023-09-21","2024-09-07"
"LU22_60",0,"Flat","Mixed",NA,"NE",574,"LU22",-114.44941,56.97107,290344.494256236,6319459.24812899,"2023-09-21","2024-09-07"
"LU22_61",15,"Slope","Mixed",1,"NE",603,"LU22",-114.41562,56.96989,292390.692615595,6319224.76303524,"2023-09-21","2024-09-07"
"LU22_53",5,"Slope","Broadleaf",0.5,"W",572,"LU22",-114.40262,56.95738,293111.12388463,6317793.76815928,"2023-09-21","2024-09-07"
"LU22_46",0,"Flat","Mixed",NA,"NW",548,"LU22",-114.39758,56.9445,293346.128226728,6316345.80506229,"2023-09-21","2024-09-07"
"LU22_40",15,"Slope","Mixed",5,"E",529,"LU22",-114.38989,56.92592,293711.04580815,6314255.81663608,"2023-09-21","2024-09-07"
"LU22_47",0,"Flat","Broadleaf",NA,"NE",533,"LU22",-114.38641,56.93777,293988.082772077,6315563.45503029,"2023-09-21","2024-09-07"
